split,split_display,amino_acid,count,canonical_total,fraction,panel,data_type,metric_name,unit,metric_definition,heldout_split,heldout_split_display,value,absolute_value,train_fraction,heldout_fraction,comparison,pearson_r,mean_absolute_deviation,max_absolute_deviation,signed_deviation_mean,n_amino_acids
train,Train,A,45609.0,598750.0,0.07617369519832985,A,amino_acid_frequency_profile,amino_acid_fraction,fraction,Count of a canonical amino acid divided by total canonical amino-acid count in the split.,,,,,,,,,,,,
train,Train,C,23588.0,598750.0,0.03939540709812109,A,amino_acid_frequency_profile,amino_acid_fraction,fraction,Count of a canonical amino acid divided by total canonical amino-acid count in the split.,,,,,,,,,,,,
train,Train,D,23369.0,598750.0,0.03902964509394572,A,amino_acid_frequency_profile,amino_acid_fraction,fraction,Count of a canonical amino acid divided by total canonical amino-acid count in the split.,,,,,,,,,,,,
train,Train,E,28112.0,598750.0,0.04695114822546973,A,amino_acid_frequency_profile,amino_acid_fraction,fraction,Count of a canonical amino acid divided by total canonical amino-acid count in the split.,,,,,,,,,,,,
train,Train,F,21018.0,598750.0,0.03510313152400835,A,amino_acid_frequency_profile,amino_acid_fraction,fraction,Count of a canonical amino acid divided by total canonical amino-acid count in the split.,,,,,,,,,,,,
train,Train,G,48494.0,598750.0,0.08099206680584552,A,amino_acid_frequency_profile,amino_acid_fraction,fraction,Count of a canonical amino acid divided by total canonical amino-acid count in the split.,,,,,,,,,,,,
train,Train,H,11738.0,598750.0,0.019604175365344468,A,amino_acid_frequency_profile,amino_acid_fraction,fraction,Count of a canonical amino acid divided by total canonical amino-acid count in the split.,,,,,,,,,,,,
train,Train,I,30387.0,598750.0,0.050750730688935285,A,amino_acid_frequency_profile,amino_acid_fraction,fraction,Count of a canonical amino acid divided by total canonical amino-acid count in the split.,,,,,,,,,,,,
train,Train,K,49544.0,598750.0,0.08274572025052192,A,amino_acid_frequency_profile,amino_acid_fraction,fraction,Count of a canonical amino acid divided by total canonical amino-acid count in the split.,,,,,,,,,,,,
train,Train,L,53731.0,598750.0,0.08973862212943633,A,amino_acid_frequency_profile,amino_acid_fraction,fraction,Count of a canonical amino acid divided by total canonical amino-acid count in the split.,,,,,,,,,,,,
train,Train,M,9915.0,598750.0,0.016559498956158665,A,amino_acid_frequency_profile,amino_acid_fraction,fraction,Count of a canonical amino acid divided by total canonical amino-acid count in the split.,,,,,,,,,,,,
train,Train,N,26785.0,598750.0,0.04473486430062631,A,amino_acid_frequency_profile,amino_acid_fraction,fraction,Count of a canonical amino acid divided by total canonical amino-acid count in the split.,,,,,,,,,,,,
train,Train,P,25576.0,598750.0,0.04271565762004175,A,amino_acid_frequency_profile,amino_acid_fraction,fraction,Count of a canonical amino acid divided by total canonical amino-acid count in the split.,,,,,,,,,,,,
train,Train,Q,22014.0,598750.0,0.03676659707724426,A,amino_acid_frequency_profile,amino_acid_fraction,fraction,Count of a canonical amino acid divided by total canonical amino-acid count in the split.,,,,,,,,,,,,
train,Train,R,48943.0,598750.0,0.0817419624217119,A,amino_acid_frequency_profile,amino_acid_fraction,fraction,Count of a canonical amino acid divided by total canonical amino-acid count in the split.,,,,,,,,,,,,
train,Train,S,33812.0,598750.0,0.05647098121085595,A,amino_acid_frequency_profile,amino_acid_fraction,fraction,Count of a canonical amino acid divided by total canonical amino-acid count in the split.,,,,,,,,,,,,
train,Train,T,27924.0,598750.0,0.046637160751565765,A,amino_acid_frequency_profile,amino_acid_fraction,fraction,Count of a canonical amino acid divided by total canonical amino-acid count in the split.,,,,,,,,,,,,
train,Train,V,35079.0,598750.0,0.05858705636743215,A,amino_acid_frequency_profile,amino_acid_fraction,fraction,Count of a canonical amino acid divided by total canonical amino-acid count in the split.,,,,,,,,,,,,
train,Train,W,13563.0,598750.0,0.022652192066805847,A,amino_acid_frequency_profile,amino_acid_fraction,fraction,Count of a canonical amino acid divided by total canonical amino-acid count in the split.,,,,,,,,,,,,
train,Train,Y,19549.0,598750.0,0.03264968684759916,A,amino_acid_frequency_profile,amino_acid_fraction,fraction,Count of a canonical amino acid divided by total canonical amino-acid count in the split.,,,,,,,,,,,,
val,Validation,A,29662.0,357148.0,0.08305240404538175,A,amino_acid_frequency_profile,amino_acid_fraction,fraction,Count of a canonical amino acid divided by total canonical amino-acid count in the split.,,,,,,,,,,,,
val,Validation,C,16576.0,357148.0,0.04641213166530402,A,amino_acid_frequency_profile,amino_acid_fraction,fraction,Count of a canonical amino acid divided by total canonical amino-acid count in the split.,,,,,,,,,,,,
val,Validation,D,11583.0,357148.0,0.032431932980165085,A,amino_acid_frequency_profile,amino_acid_fraction,fraction,Count of a canonical amino acid divided by total canonical amino-acid count in the split.,,,,,,,,,,,,
val,Validation,E,13447.0,357148.0,0.037651057824767326,A,amino_acid_frequency_profile,amino_acid_fraction,fraction,Count of a canonical amino acid divided by total canonical amino-acid count in the split.,,,,,,,,,,,,
val,Validation,F,12696.0,357148.0,0.03554828810465129,A,amino_acid_frequency_profile,amino_acid_fraction,fraction,Count of a canonical amino acid divided by total canonical amino-acid count in the split.,,,,,,,,,,,,
val,Validation,G,32322.0,357148.0,0.09050029679572615,A,amino_acid_frequency_profile,amino_acid_fraction,fraction,Count of a canonical amino acid divided by total canonical amino-acid count in the split.,,,,,,,,,,,,
val,Validation,H,7041.0,357148.0,0.019714516110968004,A,amino_acid_frequency_profile,amino_acid_fraction,fraction,Count of a canonical amino acid divided by total canonical amino-acid count in the split.,,,,,,,,,,,,
val,Validation,I,19647.0,357148.0,0.05501080784436704,A,amino_acid_frequency_profile,amino_acid_fraction,fraction,Count of a canonical amino acid divided by total canonical amino-acid count in the split.,,,,,,,,,,,,
val,Validation,K,35861.0,357148.0,0.10040935410530089,A,amino_acid_frequency_profile,amino_acid_fraction,fraction,Count of a canonical amino acid divided by total canonical amino-acid count in the split.,,,,,,,,,,,,
val,Validation,L,32964.0,357148.0,0.09229787091065889,A,amino_acid_frequency_profile,amino_acid_fraction,fraction,Count of a canonical amino acid divided by total canonical amino-acid count in the split.,,,,,,,,,,,,
val,Validation,M,4769.0,357148.0,0.01335300771668888,A,amino_acid_frequency_profile,amino_acid_fraction,fraction,Count of a canonical amino acid divided by total canonical amino-acid count in the split.,,,,,,,,,,,,
val,Validation,N,14243.0,357148.0,0.03987982573050948,A,amino_acid_frequency_profile,amino_acid_fraction,fraction,Count of a canonical amino acid divided by total canonical amino-acid count in the split.,,,,,,,,,,,,
val,Validation,P,13260.0,357148.0,0.03712746536449875,A,amino_acid_frequency_profile,amino_acid_fraction,fraction,Count of a canonical amino acid divided by total canonical amino-acid count in the split.,,,,,,,,,,,,
val,Validation,Q,11636.0,357148.0,0.03258033084323586,A,amino_acid_frequency_profile,amino_acid_fraction,fraction,Count of a canonical amino acid divided by total canonical amino-acid count in the split.,,,,,,,,,,,,
val,Validation,R,30038.0,357148.0,0.08410518888528005,A,amino_acid_frequency_profile,amino_acid_fraction,fraction,Count of a canonical amino acid divided by total canonical amino-acid count in the split.,,,,,,,,,,,,
val,Validation,S,17176.0,357148.0,0.048092107473652376,A,amino_acid_frequency_profile,amino_acid_fraction,fraction,Count of a canonical amino acid divided by total canonical amino-acid count in the split.,,,,,,,,,,,,
val,Validation,T,14516.0,357148.0,0.04064421472330798,A,amino_acid_frequency_profile,amino_acid_fraction,fraction,Count of a canonical amino acid divided by total canonical amino-acid count in the split.,,,,,,,,,,,,
val,Validation,V,20474.0,357148.0,0.057326374500207194,A,amino_acid_frequency_profile,amino_acid_fraction,fraction,Count of a canonical amino acid divided by total canonical amino-acid count in the split.,,,,,,,,,,,,
val,Validation,W,8823.0,357148.0,0.02470404426176263,A,amino_acid_frequency_profile,amino_acid_fraction,fraction,Count of a canonical amino acid divided by total canonical amino-acid count in the split.,,,,,,,,,,,,
val,Validation,Y,10414.0,357148.0,0.029158780113566363,A,amino_acid_frequency_profile,amino_acid_fraction,fraction,Count of a canonical amino acid divided by total canonical amino-acid count in the split.,,,,,,,,,,,,
test,Test,A,21866.0,330005.0,0.0662596021272405,A,amino_acid_frequency_profile,amino_acid_fraction,fraction,Count of a canonical amino acid divided by total canonical amino-acid count in the split.,,,,,,,,,,,,
test,Test,C,17142.0,330005.0,0.0519446675050378,A,amino_acid_frequency_profile,amino_acid_fraction,fraction,Count of a canonical amino acid divided by total canonical amino-acid count in the split.,,,,,,,,,,,,
test,Test,D,10676.0,330005.0,0.032351024984469935,A,amino_acid_frequency_profile,amino_acid_fraction,fraction,Count of a canonical amino acid divided by total canonical amino-acid count in the split.,,,,,,,,,,,,
test,Test,E,12487.0,330005.0,0.03783882062392994,A,amino_acid_frequency_profile,amino_acid_fraction,fraction,Count of a canonical amino acid divided by total canonical amino-acid count in the split.,,,,,,,,,,,,
test,Test,F,11964.0,330005.0,0.03625399615157346,A,amino_acid_frequency_profile,amino_acid_fraction,fraction,Count of a canonical amino acid divided by total canonical amino-acid count in the split.,,,,,,,,,,,,
test,Test,G,26905.0,330005.0,0.08152906774139786,A,amino_acid_frequency_profile,amino_acid_fraction,fraction,Count of a canonical amino acid divided by total canonical amino-acid count in the split.,,,,,,,,,,,,
test,Test,H,5859.0,330005.0,0.017754276450356814,A,amino_acid_frequency_profile,amino_acid_fraction,fraction,Count of a canonical amino acid divided by total canonical amino-acid count in the split.,,,,,,,,,,,,
test,Test,I,16092.0,330005.0,0.04876289753185558,A,amino_acid_frequency_profile,amino_acid_fraction,fraction,Count of a canonical amino acid divided by total canonical amino-acid count in the split.,,,,,,,,,,,,
test,Test,K,31093.0,330005.0,0.09421978454871896,A,amino_acid_frequency_profile,amino_acid_fraction,fraction,Count of a canonical amino acid divided by total canonical amino-acid count in the split.,,,,,,,,,,,,
test,Test,L,29845.0,330005.0,0.09043802366630808,A,amino_acid_frequency_profile,amino_acid_fraction,fraction,Count of a canonical amino acid divided by total canonical amino-acid count in the split.,,,,,,,,,,,,
test,Test,M,3798.0,330005.0,0.011508916531567704,A,amino_acid_frequency_profile,amino_acid_fraction,fraction,Count of a canonical amino acid divided by total canonical amino-acid count in the split.,,,,,,,,,,,,
test,Test,N,13193.0,330005.0,0.03997818214875532,A,amino_acid_frequency_profile,amino_acid_fraction,fraction,Count of a canonical amino acid divided by total canonical amino-acid count in the split.,,,,,,,,,,,,
test,Test,P,15670.0,330005.0,0.04748412902834805,A,amino_acid_frequency_profile,amino_acid_fraction,fraction,Count of a canonical amino acid divided by total canonical amino-acid count in the split.,,,,,,,,,,,,
test,Test,Q,11040.0,330005.0,0.0334540385751731,A,amino_acid_frequency_profile,amino_acid_fraction,fraction,Count of a canonical amino acid divided by total canonical amino-acid count in the split.,,,,,,,,,,,,
test,Test,R,34005.0,330005.0,0.10304389327434432,A,amino_acid_frequency_profile,amino_acid_fraction,fraction,Count of a canonical amino acid divided by total canonical amino-acid count in the split.,,,,,,,,,,,,
test,Test,S,15648.0,330005.0,0.047417463371767096,A,amino_acid_frequency_profile,amino_acid_fraction,fraction,Count of a canonical amino acid divided by total canonical amino-acid count in the split.,,,,,,,,,,,,
test,Test,T,12063.0,330005.0,0.03655399160618779,A,amino_acid_frequency_profile,amino_acid_fraction,fraction,Count of a canonical amino acid divided by total canonical amino-acid count in the split.,,,,,,,,,,,,
test,Test,V,18898.0,330005.0,0.05726579900304541,A,amino_acid_frequency_profile,amino_acid_fraction,fraction,Count of a canonical amino acid divided by total canonical amino-acid count in the split.,,,,,,,,,,,,
test,Test,W,11151.0,330005.0,0.03379039711519522,A,amino_acid_frequency_profile,amino_acid_fraction,fraction,Count of a canonical amino acid divided by total canonical amino-acid count in the split.,,,,,,,,,,,,
test,Test,Y,10610.0,330005.0,0.03215102801472705,A,amino_acid_frequency_profile,amino_acid_fraction,fraction,Count of a canonical amino acid divided by total canonical amino-acid count in the split.,,,,,,,,,,,,
,,A,,,,B,heldout_minus_train_composition_deviation,,fraction_difference,Held-out amino-acid fraction minus training amino-acid fraction.,val,Validation,0.006878708847051898,0.006878708847051898,,,,,,,,
,,A,,,,B,heldout_minus_train_composition_deviation,,fraction_difference,Held-out amino-acid fraction minus training amino-acid fraction.,test,Test,-0.009914093071089355,0.009914093071089355,,,,,,,,
,,C,,,,B,heldout_minus_train_composition_deviation,,fraction_difference,Held-out amino-acid fraction minus training amino-acid fraction.,val,Validation,0.0070167245671829345,0.0070167245671829345,,,,,,,,
,,C,,,,B,heldout_minus_train_composition_deviation,,fraction_difference,Held-out amino-acid fraction minus training amino-acid fraction.,test,Test,0.012549260406916715,0.012549260406916715,,,,,,,,
,,D,,,,B,heldout_minus_train_composition_deviation,,fraction_difference,Held-out amino-acid fraction minus training amino-acid fraction.,val,Validation,-0.006597712113780636,0.006597712113780636,,,,,,,,
,,D,,,,B,heldout_minus_train_composition_deviation,,fraction_difference,Held-out amino-acid fraction minus training amino-acid fraction.,test,Test,-0.006678620109475786,0.006678620109475786,,,,,,,,
,,E,,,,B,heldout_minus_train_composition_deviation,,fraction_difference,Held-out amino-acid fraction minus training amino-acid fraction.,val,Validation,-0.009300090400702406,0.009300090400702406,,,,,,,,
,,E,,,,B,heldout_minus_train_composition_deviation,,fraction_difference,Held-out amino-acid fraction minus training amino-acid fraction.,test,Test,-0.009112327601539794,0.009112327601539794,,,,,,,,
,,F,,,,B,heldout_minus_train_composition_deviation,,fraction_difference,Held-out amino-acid fraction minus training amino-acid fraction.,val,Validation,0.0004451565806429386,0.0004451565806429386,,,,,,,,
,,F,,,,B,heldout_minus_train_composition_deviation,,fraction_difference,Held-out amino-acid fraction minus training amino-acid fraction.,test,Test,0.0011508646275651055,0.0011508646275651055,,,,,,,,
,,G,,,,B,heldout_minus_train_composition_deviation,,fraction_difference,Held-out amino-acid fraction minus training amino-acid fraction.,val,Validation,0.009508229989880629,0.009508229989880629,,,,,,,,
,,G,,,,B,heldout_minus_train_composition_deviation,,fraction_difference,Held-out amino-acid fraction minus training amino-acid fraction.,test,Test,0.0005370009355523397,0.0005370009355523397,,,,,,,,
,,H,,,,B,heldout_minus_train_composition_deviation,,fraction_difference,Held-out amino-acid fraction minus training amino-acid fraction.,val,Validation,0.00011034074562353557,0.00011034074562353557,,,,,,,,
,,H,,,,B,heldout_minus_train_composition_deviation,,fraction_difference,Held-out amino-acid fraction minus training amino-acid fraction.,test,Test,-0.0018498989149876542,0.0018498989149876542,,,,,,,,
,,I,,,,B,heldout_minus_train_composition_deviation,,fraction_difference,Held-out amino-acid fraction minus training amino-acid fraction.,val,Validation,0.004260077155431759,0.004260077155431759,,,,,,,,
,,I,,,,B,heldout_minus_train_composition_deviation,,fraction_difference,Held-out amino-acid fraction minus training amino-acid fraction.,test,Test,-0.0019878331570797048,0.0019878331570797048,,,,,,,,
,,K,,,,B,heldout_minus_train_composition_deviation,,fraction_difference,Held-out amino-acid fraction minus training amino-acid fraction.,val,Validation,0.017663633854778968,0.017663633854778968,,,,,,,,
,,K,,,,B,heldout_minus_train_composition_deviation,,fraction_difference,Held-out amino-acid fraction minus training amino-acid fraction.,test,Test,0.011474064298197043,0.011474064298197043,,,,,,,,
,,L,,,,B,heldout_minus_train_composition_deviation,,fraction_difference,Held-out amino-acid fraction minus training amino-acid fraction.,val,Validation,0.002559248781222559,0.002559248781222559,,,,,,,,
,,L,,,,B,heldout_minus_train_composition_deviation,,fraction_difference,Held-out amino-acid fraction minus training amino-acid fraction.,test,Test,0.0006994015368717577,0.0006994015368717577,,,,,,,,
,,M,,,,B,heldout_minus_train_composition_deviation,,fraction_difference,Held-out amino-acid fraction minus training amino-acid fraction.,val,Validation,-0.003206491239469785,0.003206491239469785,,,,,,,,
,,M,,,,B,heldout_minus_train_composition_deviation,,fraction_difference,Held-out amino-acid fraction minus training amino-acid fraction.,test,Test,-0.005050582424590961,0.005050582424590961,,,,,,,,
,,N,,,,B,heldout_minus_train_composition_deviation,,fraction_difference,Held-out amino-acid fraction minus training amino-acid fraction.,val,Validation,-0.004855038570116828,0.004855038570116828,,,,,,,,
,,N,,,,B,heldout_minus_train_composition_deviation,,fraction_difference,Held-out amino-acid fraction minus training amino-acid fraction.,test,Test,-0.004756682151870986,0.004756682151870986,,,,,,,,
,,P,,,,B,heldout_minus_train_composition_deviation,,fraction_difference,Held-out amino-acid fraction minus training amino-acid fraction.,val,Validation,-0.005588192255543002,0.005588192255543002,,,,,,,,
,,P,,,,B,heldout_minus_train_composition_deviation,,fraction_difference,Held-out amino-acid fraction minus training amino-acid fraction.,test,Test,0.004768471408306302,0.004768471408306302,,,,,,,,
,,Q,,,,B,heldout_minus_train_composition_deviation,,fraction_difference,Held-out amino-acid fraction minus training amino-acid fraction.,val,Validation,-0.004186266234008397,0.004186266234008397,,,,,,,,
,,Q,,,,B,heldout_minus_train_composition_deviation,,fraction_difference,Held-out amino-acid fraction minus training amino-acid fraction.,test,Test,-0.0033125585020711557,0.0033125585020711557,,,,,,,,
,,R,,,,B,heldout_minus_train_composition_deviation,,fraction_difference,Held-out amino-acid fraction minus training amino-acid fraction.,val,Validation,0.002363226463568152,0.002363226463568152,,,,,,,,
,,R,,,,B,heldout_minus_train_composition_deviation,,fraction_difference,Held-out amino-acid fraction minus training amino-acid fraction.,test,Test,0.02130193085263242,0.02130193085263242,,,,,,,,
,,S,,,,B,heldout_minus_train_composition_deviation,,fraction_difference,Held-out amino-acid fraction minus training amino-acid fraction.,val,Validation,-0.008378873737203571,0.008378873737203571,,,,,,,,
,,S,,,,B,heldout_minus_train_composition_deviation,,fraction_difference,Held-out amino-acid fraction minus training amino-acid fraction.,test,Test,-0.009053517839088851,0.009053517839088851,,,,,,,,
,,T,,,,B,heldout_minus_train_composition_deviation,,fraction_difference,Held-out amino-acid fraction minus training amino-acid fraction.,val,Validation,-0.005992946028257784,0.005992946028257784,,,,,,,,
,,T,,,,B,heldout_minus_train_composition_deviation,,fraction_difference,Held-out amino-acid fraction minus training amino-acid fraction.,test,Test,-0.010083169145377976,0.010083169145377976,,,,,,,,
,,V,,,,B,heldout_minus_train_composition_deviation,,fraction_difference,Held-out amino-acid fraction minus training amino-acid fraction.,val,Validation,-0.0012606818672249581,0.0012606818672249581,,,,,,,,
,,V,,,,B,heldout_minus_train_composition_deviation,,fraction_difference,Held-out amino-acid fraction minus training amino-acid fraction.,test,Test,-0.0013212573643867423,0.0013212573643867423,,,,,,,,
,,W,,,,B,heldout_minus_train_composition_deviation,,fraction_difference,Held-out amino-acid fraction minus training amino-acid fraction.,val,Validation,0.002051852194956783,0.002051852194956783,,,,,,,,
,,W,,,,B,heldout_minus_train_composition_deviation,,fraction_difference,Held-out amino-acid fraction minus training amino-acid fraction.,test,Test,0.011138205048389374,0.011138205048389374,,,,,,,,
,,Y,,,,B,heldout_minus_train_composition_deviation,,fraction_difference,Held-out amino-acid fraction minus training amino-acid fraction.,val,Validation,-0.0034909067340327983,0.0034909067340327983,,,,,,,,
,,Y,,,,B,heldout_minus_train_composition_deviation,,fraction_difference,Held-out amino-acid fraction minus training amino-acid fraction.,test,Test,-0.0004986588328721106,0.0004986588328721106,,,,,,,,
,,A,,,,C,heldout_vs_train_composition_agreement,,fraction,Training and held-out amino-acid fractions for composition agreement plotting.,val,Validation,,,0.07617369519832985,0.08305240404538175,,,,,,
,,A,,,,C,heldout_vs_train_composition_agreement,,fraction,Training and held-out amino-acid fractions for composition agreement plotting.,test,Test,,,0.07617369519832985,0.0662596021272405,,,,,,
,,C,,,,C,heldout_vs_train_composition_agreement,,fraction,Training and held-out amino-acid fractions for composition agreement plotting.,val,Validation,,,0.03939540709812109,0.04641213166530402,,,,,,
,,C,,,,C,heldout_vs_train_composition_agreement,,fraction,Training and held-out amino-acid fractions for composition agreement plotting.,test,Test,,,0.03939540709812109,0.0519446675050378,,,,,,
,,D,,,,C,heldout_vs_train_composition_agreement,,fraction,Training and held-out amino-acid fractions for composition agreement plotting.,val,Validation,,,0.03902964509394572,0.032431932980165085,,,,,,
,,D,,,,C,heldout_vs_train_composition_agreement,,fraction,Training and held-out amino-acid fractions for composition agreement plotting.,test,Test,,,0.03902964509394572,0.032351024984469935,,,,,,
,,E,,,,C,heldout_vs_train_composition_agreement,,fraction,Training and held-out amino-acid fractions for composition agreement plotting.,val,Validation,,,0.04695114822546973,0.037651057824767326,,,,,,
,,E,,,,C,heldout_vs_train_composition_agreement,,fraction,Training and held-out amino-acid fractions for composition agreement plotting.,test,Test,,,0.04695114822546973,0.03783882062392994,,,,,,
,,F,,,,C,heldout_vs_train_composition_agreement,,fraction,Training and held-out amino-acid fractions for composition agreement plotting.,val,Validation,,,0.03510313152400835,0.03554828810465129,,,,,,
,,F,,,,C,heldout_vs_train_composition_agreement,,fraction,Training and held-out amino-acid fractions for composition agreement plotting.,test,Test,,,0.03510313152400835,0.03625399615157346,,,,,,
,,G,,,,C,heldout_vs_train_composition_agreement,,fraction,Training and held-out amino-acid fractions for composition agreement plotting.,val,Validation,,,0.08099206680584552,0.09050029679572615,,,,,,
,,G,,,,C,heldout_vs_train_composition_agreement,,fraction,Training and held-out amino-acid fractions for composition agreement plotting.,test,Test,,,0.08099206680584552,0.08152906774139786,,,,,,
,,H,,,,C,heldout_vs_train_composition_agreement,,fraction,Training and held-out amino-acid fractions for composition agreement plotting.,val,Validation,,,0.019604175365344468,0.019714516110968004,,,,,,
,,H,,,,C,heldout_vs_train_composition_agreement,,fraction,Training and held-out amino-acid fractions for composition agreement plotting.,test,Test,,,0.019604175365344468,0.017754276450356814,,,,,,
,,I,,,,C,heldout_vs_train_composition_agreement,,fraction,Training and held-out amino-acid fractions for composition agreement plotting.,val,Validation,,,0.050750730688935285,0.05501080784436704,,,,,,
,,I,,,,C,heldout_vs_train_composition_agreement,,fraction,Training and held-out amino-acid fractions for composition agreement plotting.,test,Test,,,0.050750730688935285,0.04876289753185558,,,,,,
,,K,,,,C,heldout_vs_train_composition_agreement,,fraction,Training and held-out amino-acid fractions for composition agreement plotting.,val,Validation,,,0.08274572025052192,0.10040935410530089,,,,,,
,,K,,,,C,heldout_vs_train_composition_agreement,,fraction,Training and held-out amino-acid fractions for composition agreement plotting.,test,Test,,,0.08274572025052192,0.09421978454871896,,,,,,
,,L,,,,C,heldout_vs_train_composition_agreement,,fraction,Training and held-out amino-acid fractions for composition agreement plotting.,val,Validation,,,0.08973862212943633,0.09229787091065889,,,,,,
,,L,,,,C,heldout_vs_train_composition_agreement,,fraction,Training and held-out amino-acid fractions for composition agreement plotting.,test,Test,,,0.08973862212943633,0.09043802366630808,,,,,,
,,M,,,,C,heldout_vs_train_composition_agreement,,fraction,Training and held-out amino-acid fractions for composition agreement plotting.,val,Validation,,,0.016559498956158665,0.01335300771668888,,,,,,
,,M,,,,C,heldout_vs_train_composition_agreement,,fraction,Training and held-out amino-acid fractions for composition agreement plotting.,test,Test,,,0.016559498956158665,0.011508916531567704,,,,,,
,,N,,,,C,heldout_vs_train_composition_agreement,,fraction,Training and held-out amino-acid fractions for composition agreement plotting.,val,Validation,,,0.04473486430062631,0.03987982573050948,,,,,,
,,N,,,,C,heldout_vs_train_composition_agreement,,fraction,Training and held-out amino-acid fractions for composition agreement plotting.,test,Test,,,0.04473486430062631,0.03997818214875532,,,,,,
,,P,,,,C,heldout_vs_train_composition_agreement,,fraction,Training and held-out amino-acid fractions for composition agreement plotting.,val,Validation,,,0.04271565762004175,0.03712746536449875,,,,,,
,,P,,,,C,heldout_vs_train_composition_agreement,,fraction,Training and held-out amino-acid fractions for composition agreement plotting.,test,Test,,,0.04271565762004175,0.04748412902834805,,,,,,
,,Q,,,,C,heldout_vs_train_composition_agreement,,fraction,Training and held-out amino-acid fractions for composition agreement plotting.,val,Validation,,,0.03676659707724426,0.03258033084323586,,,,,,
,,Q,,,,C,heldout_vs_train_composition_agreement,,fraction,Training and held-out amino-acid fractions for composition agreement plotting.,test,Test,,,0.03676659707724426,0.0334540385751731,,,,,,
,,R,,,,C,heldout_vs_train_composition_agreement,,fraction,Training and held-out amino-acid fractions for composition agreement plotting.,val,Validation,,,0.0817419624217119,0.08410518888528005,,,,,,
,,R,,,,C,heldout_vs_train_composition_agreement,,fraction,Training and held-out amino-acid fractions for composition agreement plotting.,test,Test,,,0.0817419624217119,0.10304389327434432,,,,,,
,,S,,,,C,heldout_vs_train_composition_agreement,,fraction,Training and held-out amino-acid fractions for composition agreement plotting.,val,Validation,,,0.05647098121085595,0.048092107473652376,,,,,,
,,S,,,,C,heldout_vs_train_composition_agreement,,fraction,Training and held-out amino-acid fractions for composition agreement plotting.,test,Test,,,0.05647098121085595,0.047417463371767096,,,,,,
,,T,,,,C,heldout_vs_train_composition_agreement,,fraction,Training and held-out amino-acid fractions for composition agreement plotting.,val,Validation,,,0.046637160751565765,0.04064421472330798,,,,,,
,,T,,,,C,heldout_vs_train_composition_agreement,,fraction,Training and held-out amino-acid fractions for composition agreement plotting.,test,Test,,,0.046637160751565765,0.03655399160618779,,,,,,
,,V,,,,C,heldout_vs_train_composition_agreement,,fraction,Training and held-out amino-acid fractions for composition agreement plotting.,val,Validation,,,0.05858705636743215,0.057326374500207194,,,,,,
,,V,,,,C,heldout_vs_train_composition_agreement,,fraction,Training and held-out amino-acid fractions for composition agreement plotting.,test,Test,,,0.05858705636743215,0.05726579900304541,,,,,,
,,W,,,,C,heldout_vs_train_composition_agreement,,fraction,Training and held-out amino-acid fractions for composition agreement plotting.,val,Validation,,,0.022652192066805847,0.02470404426176263,,,,,,
,,W,,,,C,heldout_vs_train_composition_agreement,,fraction,Training and held-out amino-acid fractions for composition agreement plotting.,test,Test,,,0.022652192066805847,0.03379039711519522,,,,,,
,,Y,,,,C,heldout_vs_train_composition_agreement,,fraction,Training and held-out amino-acid fractions for composition agreement plotting.,val,Validation,,,0.03264968684759916,0.029158780113566363,,,,,,
,,Y,,,,C,heldout_vs_train_composition_agreement,,fraction,Training and held-out amino-acid fractions for composition agreement plotting.,test,Test,,,0.03264968684759916,0.03215102801472705,,,,,,
,,,,,,D,composition_deviation_summary,,fraction,Summary of held-out amino-acid composition deviation relative to training composition.,val,,,,,,Validation vs Train,0.9749451274088891,0.0052857199180340155,0.017663633854778968,-3.4694469519536144e-19,20.0
,,,,,,D,composition_deviation_summary,,fraction,Summary of held-out amino-acid composition deviation relative to training composition.,test,,,,,,Test vs Train,0.9438208845276655,0.006361919911443107,0.02130193085263242,-1.0408340855860842e-18,20.0
